task,idx,volatility_kind,score,run1_metric,run2_metric,run3_metric,persistent_mismatch_all3,mismatch_run1
correlation,2,correctness_std,0.4714,0,0,1,,False
correlation,16,correctness_std,0.4714,0,0,1,,True
correlation,24,correctness_std,0.4714,1,0,1,,False
correlation,40,correctness_std,0.4714,0,1,0,,False
correlation,45,correctness_std,0.4714,1,0,0,,False
correlation,46,correctness_std,0.4714,0,1,1,,False
correlation,47,correctness_std,0.4714,1,0,0,,False
correlation,61,correctness_std,0.4714,0,1,0,,False
correlation,78,correctness_std,0.4714,0,1,1,,True
correlation,84,correctness_std,0.4714,1,0,1,,False
correlation,86,correctness_std,0.4714,1,0,1,,True
correlation,98,correctness_std,0.4714,1,0,0,,False
correlation,107,correctness_std,0.4714,1,0,1,,False
correlation,110,correctness_std,0.4714,1,0,1,,False
correlation,111,correctness_std,0.4714,1,0,0,,False
correlation,112,correctness_std,0.4714,0,0,1,,False
correlation,115,correctness_std,0.4714,0,1,0,,True
correlation,134,correctness_std,0.4714,0,0,1,,False
correlation,139,correctness_std,0.4714,1,0,1,,False
correlation,154,correctness_std,0.4714,0,1,0,,False
correlation,157,correctness_std,0.4714,1,0,1,,False
correlation,158,correctness_std,0.4714,0,1,1,,True
correlation,163,correctness_std,0.4714,1,1,0,,False
correlation,165,correctness_std,0.4714,0,1,1,,False
correlation,168,correctness_std,0.4714,1,1,0,,False
correlation,174,correctness_std,0.4714,0,1,1,,False
correlation,176,correctness_std,0.4714,0,1,1,,False
correlation,179,correctness_std,0.4714,0,1,1,,False
correlation,180,correctness_std,0.4714,0,0,1,,True
correlation,185,correctness_std,0.4714,1,1,0,,False
correlation,186,correctness_std,0.4714,1,0,1,,False
correlation,193,correctness_std,0.4714,1,1,0,,False
correlation,196,correctness_std,0.4714,0,0,1,,False
correlation,199,correctness_std,0.4714,0,1,0,,False
correlation,200,correctness_std,0.4714,1,1,0,,True
correlation,206,correctness_std,0.4714,0,1,0,,False
correlation,227,correctness_std,0.4714,0,1,0,,False
correlation,229,correctness_std,0.4714,0,1,0,,False
correlation,234,correctness_std,0.4714,1,1,0,,False
correlation,242,correctness_std,0.4714,1,0,1,,False
correlation,254,correctness_std,0.4714,0,0,1,,False
correlation,258,correctness_std,0.4714,1,0,1,,True
correlation,267,correctness_std,0.4714,0,1,1,,True
correlation,277,correctness_std,0.4714,0,1,0,,False
correlation,280,correctness_std,0.4714,0,1,1,,False
correlation,300,correctness_std,0.4714,1,0,0,,True
correlation,302,correctness_std,0.4714,0,0,1,,False
correlation,303,correctness_std,0.4714,0,1,0,,False
correlation,306,correctness_std,0.4714,1,1,0,,False
correlation,308,correctness_std,0.4714,1,1,0,,False
correlation,310,correctness_std,0.4714,0,1,1,,False
correlation,314,correctness_std,0.4714,1,0,0,,False
correlation,317,correctness_std,0.4714,0,0,1,,False
correlation,324,correctness_std,0.4714,0,0,1,,False
correlation,336,correctness_std,0.4714,1,1,0,,False
correlation,356,correctness_std,0.4714,0,1,1,,False
correlation,365,correctness_std,0.4714,1,1,0,,False
correlation,369,correctness_std,0.4714,0,1,1,,False
correlation,386,correctness_std,0.4714,1,1,0,,False
correlation,395,correctness_std,0.4714,1,1,0,,False
correlation,399,correctness_std,0.4714,0,1,0,,False
correlation,400,correctness_std,0.4714,0,0,1,,False
correlation,420,correctness_std,0.4714,0,1,1,,False
correlation,430,correctness_std,0.4714,1,0,0,,False
correlation,440,correctness_std,0.4714,1,0,1,,False
correlation,463,correctness_std,0.4714,1,0,0,,False
correlation,464,correctness_std,0.4714,0,0,1,,True
correlation,472,correctness_std,0.4714,0,1,1,,False
correlation,480,correctness_std,0.4714,1,1,0,,True
correlation,481,correctness_std,0.4714,1,1,0,,False
correlation,489,correctness_std,0.4714,1,0,1,,True
correlation,497,correctness_std,0.4714,1,0,1,,False
correlation,499,correctness_std,0.4714,1,1,0,,False
correlation,512,correctness_std,0.4714,0,0,1,,False
correlation,524,correctness_std,0.4714,1,1,0,,False
correlation,527,correctness_std,0.4714,0,0,1,,False
correlation,529,correctness_std,0.4714,0,0,1,,False
correlation,532,correctness_std,0.4714,1,1,0,,True
correlation,533,correctness_std,0.4714,0,1,0,,False
correlation,542,correctness_std,0.4714,1,0,1,,False
correlation,566,correctness_std,0.4714,1,0,0,,True
correlation,584,correctness_std,0.4714,0,1,1,,False
correlation,596,correctness_std,0.4714,1,0,0,,False
correlation,600,correctness_std,0.4714,0,1,0,,False
correlation,601,correctness_std,0.4714,0,1,0,,True
correlation,602,correctness_std,0.4714,1,0,1,,False
correlation,619,correctness_std,0.4714,0,1,0,,False
correlation,622,correctness_std,0.4714,1,0,0,,True
correlation,623,correctness_std,0.4714,1,1,0,,False
correlation,628,correctness_std,0.4714,1,0,0,,False
correlation,633,correctness_std,0.4714,0,1,1,,False
correlation,640,correctness_std,0.4714,0,1,0,,False
correlation,644,correctness_std,0.4714,0,1,1,,True
correlation,648,correctness_std,0.4714,1,1,0,,False
correlation,651,correctness_std,0.4714,1,0,1,,False
correlation,652,correctness_std,0.4714,0,0,1,,False
correlation,663,correctness_std,0.4714,0,1,1,,False
correlation,667,correctness_std,0.4714,0,1,1,,False
correlation,669,correctness_std,0.4714,1,0,0,,False
correlation,672,correctness_std,0.4714,1,1,0,,False
correlation,674,correctness_std,0.4714,0,1,0,,False
correlation,679,correctness_std,0.4714,1,0,0,,False
correlation,681,correctness_std,0.4714,1,1,0,,False
correlation,686,correctness_std,0.4714,1,0,1,,False
correlation,687,correctness_std,0.4714,0,1,0,,False
correlation,690,correctness_std,0.4714,1,0,0,,False
correlation,698,correctness_std,0.4714,0,1,0,,False
correlation,699,correctness_std,0.4714,1,1,0,,True
correlation,706,correctness_std,0.4714,0,1,1,,False
correlation,707,correctness_std,0.4714,0,1,1,,False
correlation,715,correctness_std,0.4714,1,0,1,,True
correlation,717,correctness_std,0.4714,1,1,0,,True
correlation,718,correctness_std,0.4714,0,0,1,,False
correlation,723,correctness_std,0.4714,1,0,1,,False
correlation,728,correctness_std,0.4714,0,1,1,,False
correlation,731,correctness_std,0.4714,0,0,1,,False
correlation,733,correctness_std,0.4714,1,0,1,,False
correlation,734,correctness_std,0.4714,0,1,0,,False
correlation,736,correctness_std,0.4714,1,0,0,,False
correlation,739,correctness_std,0.4714,1,1,0,,False
correlation,743,correctness_std,0.4714,0,1,0,,False
correlation,744,correctness_std,0.4714,1,1,0,,False
correlation,754,correctness_std,0.4714,1,0,0,,False
correlation,755,correctness_std,0.4714,1,0,0,,True
correlation,760,correctness_std,0.4714,1,0,1,,False
correlation,765,correctness_std,0.4714,1,0,0,,False
correlation,776,correctness_std,0.4714,1,0,1,,False
correlation,780,correctness_std,0.4714,0,0,1,,False
correlation,788,correctness_std,0.4714,0,1,0,,False
correlation,792,correctness_std,0.4714,1,0,0,,False
correlation,797,correctness_std,0.4714,0,1,0,,False
correlation,798,correctness_std,0.4714,0,1,1,,False
correlation,828,correctness_std,0.4714,1,0,0,,False
correlation,829,correctness_std,0.4714,0,1,0,,False
correlation,835,correctness_std,0.4714,1,1,0,,False
correlation,838,correctness_std,0.4714,1,0,0,,False
correlation,841,correctness_std,0.4714,1,1,0,,False
correlation,850,correctness_std,0.4714,1,0,1,,False
correlation,862,correctness_std,0.4714,0,1,1,,False
correlation,864,correctness_std,0.4714,0,0,1,,False
correlation,865,correctness_std,0.4714,0,1,1,,False
correlation,873,correctness_std,0.4714,1,0,1,,True
correlation,890,correctness_std,0.4714,1,1,0,,False
correlation,893,correctness_std,0.4714,0,1,0,,False
correlation,899,correctness_std,0.4714,1,1,0,,False
correlation,907,correctness_std,0.4714,1,0,1,,False
correlation,908,correctness_std,0.4714,1,0,1,,False
correlation,909,correctness_std,0.4714,1,1,0,,False
correlation,916,correctness_std,0.4714,0,0,1,,True
correlation,917,correctness_std,0.4714,1,1,0,,True
correlation,925,correctness_std,0.4714,1,1,0,,False
correlation,938,correctness_std,0.4714,1,1,0,,True
correlation,941,correctness_std,0.4714,1,0,1,,True
correlation,943,correctness_std,0.4714,0,1,1,,False
correlation,944,correctness_std,0.4714,1,1,0,,False
correlation,945,correctness_std,0.4714,0,0,1,,False
correlation,948,correctness_std,0.4714,1,1,0,,True
correlation,950,correctness_std,0.4714,0,1,1,,False
correlation,953,correctness_std,0.4714,0,1,0,,False
correlation,954,correctness_std,0.4714,1,1,0,,False
correlation,976,correctness_std,0.4714,0,1,0,,False
correlation,979,correctness_std,0.4714,1,0,1,,False
correlation,989,correctness_std,0.4714,1,1,0,,True
correlation,991,correctness_std,0.4714,1,0,0,,False
correlation,993,correctness_std,0.4714,0,1,1,,False
correlation,997,correctness_std,0.4714,1,0,1,,False
correlation,1002,correctness_std,0.4714,1,1,0,,False
correlation,1004,correctness_std,0.4714,0,0,1,,True
correlation,1009,correctness_std,0.4714,1,0,0,,True
correlation,1010,correctness_std,0.4714,1,0,1,,False
correlation,1028,correctness_std,0.4714,1,1,0,,False
correlation,1029,correctness_std,0.4714,0,1,1,,True
correlation,1033,correctness_std,0.4714,0,1,0,,False
correlation,1048,correctness_std,0.4714,1,1,0,,False
correlation,1049,correctness_std,0.4714,1,0,1,,False
correlation,1054,correctness_std,0.4714,1,1,0,,False
correlation,1055,correctness_std,0.4714,1,0,1,,False
correlation,1056,correctness_std,0.4714,0,1,0,,False
correlation,1064,correctness_std,0.4714,1,0,1,,True
correlation,1068,correctness_std,0.4714,1,0,1,,False
correlation,1072,correctness_std,0.4714,0,1,1,,False
correlation,1074,correctness_std,0.4714,1,0,1,,False
correlation,1094,correctness_std,0.4714,1,1,0,,False
correlation,1096,correctness_std,0.4714,0,0,1,,False
correlation,1099,correctness_std,0.4714,1,1,0,,False
correlation,1106,correctness_std,0.4714,1,0,0,,True
correlation,1108,correctness_std,0.4714,1,0,1,,True
correlation,1122,correctness_std,0.4714,1,0,1,,False
correlation,1142,correctness_std,0.4714,1,0,1,,True
correlation,1151,correctness_std,0.4714,0,1,0,,False
correlation,1154,correctness_std,0.4714,1,1,0,,False
correlation,1155,correctness_std,0.4714,1,1,0,,True
correlation,1159,correctness_std,0.4714,1,1,0,,False
correlation,1162,correctness_std,0.4714,0,1,0,,False
correlation,1167,correctness_std,0.4714,0,1,1,,False
correlation,1168,correctness_std,0.4714,0,1,0,,False
correlation,1171,correctness_std,0.4714,1,0,1,,True
correlation,1181,correctness_std,0.4714,0,1,0,,False
correlation,1184,correctness_std,0.4714,0,1,1,,False
correlation,1185,correctness_std,0.4714,0,0,1,,False
correlation,1189,correctness_std,0.4714,0,0,1,,False
correlation,1198,correctness_std,0.4714,0,1,0,,False
correlation,1207,correctness_std,0.4714,1,1,0,,True
correlation,1227,correctness_std,0.4714,0,1,0,,True
correlation,1237,correctness_std,0.4714,0,1,1,,False
correlation,1241,correctness_std,0.4714,1,0,1,,False
correlation,1242,correctness_std,0.4714,0,1,1,,False
correlation,1252,correctness_std,0.4714,0,1,1,,False
correlation,1259,correctness_std,0.4714,0,0,1,,False
correlation,1262,correctness_std,0.4714,0,1,0,,False
correlation,1270,correctness_std,0.4714,1,0,1,,False
correlation,1271,correctness_std,0.4714,1,0,0,,False
correlation,1294,correctness_std,0.4714,0,1,1,,False
correlation,1309,correctness_std,0.4714,0,1,1,,True
correlation,1311,correctness_std,0.4714,1,0,0,,False
correlation,1315,correctness_std,0.4714,1,0,0,,False
correlation,1319,correctness_std,0.4714,0,0,1,,False
correlation,1329,correctness_std,0.4714,1,0,0,,False
correlation,1332,correctness_std,0.4714,0,0,1,,False
correlation,1337,correctness_std,0.4714,0,1,0,,False
correlation,1344,correctness_std,0.4714,1,0,0,,False
correlation,1352,correctness_std,0.4714,1,0,1,,False
correlation,1370,correctness_std,0.4714,1,0,0,,False
correlation,1374,correctness_std,0.4714,1,1,0,,True
correlation,1379,correctness_std,0.4714,1,0,0,,False
correlation,1392,correctness_std,0.4714,1,0,1,,False
correlation,1396,correctness_std,0.4714,1,1,0,,True
correlation,1397,correctness_std,0.4714,1,1,0,,True
correlation,1411,correctness_std,0.4714,1,1,0,,True
correlation,1417,correctness_std,0.4714,0,0,1,,False
correlation,1418,correctness_std,0.4714,1,0,0,,False
correlation,1428,correctness_std,0.4714,1,0,1,,True
correlation,1433,correctness_std,0.4714,1,1,0,,False
correlation,1435,correctness_std,0.4714,0,0,1,,False
correlation,1436,correctness_std,0.4714,0,1,0,,False
correlation,1439,correctness_std,0.4714,0,0,1,,False
correlation,1445,correctness_std,0.4714,0,1,1,,True
correlation,1446,correctness_std,0.4714,0,1,0,,False
correlation,1453,correctness_std,0.4714,1,0,1,,True
correlation,1457,correctness_std,0.4714,0,1,1,,False
correlation,1464,correctness_std,0.4714,1,0,0,,False
correlation,1466,correctness_std,0.4714,1,0,0,,False
correlation,1473,correctness_std,0.4714,1,0,1,,False
correlation,1475,correctness_std,0.4714,1,1,0,,True
correlation,1487,correctness_std,0.4714,0,1,0,,True
correlation,1491,correctness_std,0.4714,1,0,1,,False
correlation,1497,correctness_std,0.4714,1,1,0,,False
correlation,1498,correctness_std,0.4714,1,1,0,,False
correlation,1505,correctness_std,0.4714,0,1,1,,False
correlation,1513,correctness_std,0.4714,0,1,1,,False
correlation,1534,correctness_std,0.4714,1,1,0,,True
correlation,1536,correctness_std,0.4714,0,1,1,,False
correlation,1538,correctness_std,0.4714,1,1,0,,True
correlation,1542,correctness_std,0.4714,0,0,1,,False
correlation,1543,correctness_std,0.4714,0,1,1,,False
correlation,1552,correctness_std,0.4714,1,1,0,,True
correlation,1554,correctness_std,0.4714,1,0,1,,False
correlation,1555,correctness_std,0.4714,0,1,1,,False
correlation,1565,correctness_std,0.4714,0,0,1,,False
correlation,1571,correctness_std,0.4714,1,0,1,,True
correlation,1581,correctness_std,0.4714,1,0,1,,False
entity,5,correctness_std,0.4714,1,0,1,,False
entity,8,correctness_std,0.4714,1,0,1,,False
entity,10,correctness_std,0.4714,0,1,0,,False
entity,11,correctness_std,0.4714,0,0,1,,False
entity,14,correctness_std,0.4714,1,1,0,,False
entity,16,correctness_std,0.4714,1,0,1,,False
entity,20,correctness_std,0.4714,1,0,1,,False
entity,23,correctness_std,0.4714,0,1,1,,False
entity,27,correctness_std,0.4714,0,0,1,,False
entity,30,correctness_std,0.4714,0,1,0,,False
entity,31,correctness_std,0.4714,0,1,0,,False
entity,45,correctness_std,0.4714,1,0,1,,False
entity,48,correctness_std,0.4714,0,0,1,,False
entity,49,correctness_std,0.4714,1,0,1,,False
entity,53,correctness_std,0.4714,1,1,0,,False
entity,55,correctness_std,0.4714,1,1,0,,False
entity,56,correctness_std,0.4714,1,0,1,,False
entity,59,correctness_std,0.4714,0,1,1,,False
entity,60,correctness_std,0.4714,1,0,0,,False
entity,79,correctness_std,0.4714,1,1,0,,False
entity,83,correctness_std,0.4714,0,1,1,,False
entity,84,correctness_std,0.4714,1,0,1,,False
entity,85,correctness_std,0.4714,1,1,0,,False
entity,91,correctness_std,0.4714,0,0,1,,False
entity,99,correctness_std,0.4714,1,1,0,,False
entity,104,correctness_std,0.4714,1,0,1,,False
entity,105,correctness_std,0.4714,0,1,0,,False
entity,106,correctness_std,0.4714,0,1,1,,False
entity,113,correctness_std,0.4714,1,1,0,,False
entity,114,correctness_std,0.4714,1,1,0,,False
entity,115,correctness_std,0.4714,1,0,1,,False
entity,120,correctness_std,0.4714,1,1,0,,False
entity,123,correctness_std,0.4714,1,0,0,,False
entity,127,correctness_std,0.4714,1,1,0,,False
entity,128,correctness_std,0.4714,1,0,0,,False
entity,129,correctness_std,0.4714,1,0,0,,False
entity,132,correctness_std,0.4714,0,1,0,,False
entity,133,correctness_std,0.4714,1,0,0,,False
entity,135,correctness_std,0.4714,0,0,1,,False
entity,140,correctness_std,0.4714,0,1,0,,False
entity,142,correctness_std,0.4714,1,1,0,,False
entity,145,correctness_std,0.4714,1,0,1,,False
entity,147,correctness_std,0.4714,0,1,0,,False
entity,161,correctness_std,0.4714,0,1,1,,False
entity,163,correctness_std,0.4714,1,0,1,,False
entity,164,correctness_std,0.4714,0,1,1,,False
entity,171,correctness_std,0.4714,0,1,0,,False
entity,172,correctness_std,0.4714,0,0,1,,False
entity,174,correctness_std,0.4714,0,1,1,,False
entity,177,correctness_std,0.4714,0,1,1,,False
entity,184,correctness_std,0.4714,1,0,1,,False
entity,187,correctness_std,0.4714,0,1,1,,False
entity,190,correctness_std,0.4714,0,0,1,,False
entity,192,correctness_std,0.4714,0,1,0,,False
entity,193,correctness_std,0.4714,0,1,1,,False
entity,194,correctness_std,0.4714,1,1,0,,False
entity,200,correctness_std,0.4714,1,1,0,,False
entity,201,correctness_std,0.4714,0,1,0,,False
entity,203,correctness_std,0.4714,1,0,1,,False
entity,207,correctness_std,0.4714,1,1,0,,False
entity,213,correctness_std,0.4714,1,0,1,,False
entity,218,correctness_std,0.4714,0,1,1,,False
entity,221,correctness_std,0.4714,0,0,1,,False
entity,224,correctness_std,0.4714,0,1,1,,False
entity,225,correctness_std,0.4714,0,0,1,,False
entity,226,correctness_std,0.4714,1,1,0,,False
entity,229,correctness_std,0.4714,0,1,0,,False
entity,231,correctness_std,0.4714,0,1,1,,False
entity,234,correctness_std,0.4714,1,0,1,,False
entity,236,correctness_std,0.4714,1,1,0,,False
entity,238,correctness_std,0.4714,1,0,1,,False
entity,240,correctness_std,0.4714,1,1,0,,False
entity,241,correctness_std,0.4714,1,0,1,,False
entity,242,correctness_std,0.4714,1,0,0,,False
entity,245,correctness_std,0.4714,1,0,1,,False
entity,253,correctness_std,0.4714,1,0,1,,False
entity,260,correctness_std,0.4714,0,0,1,,False
entity,262,correctness_std,0.4714,0,1,1,,False
entity,263,correctness_std,0.4714,0,1,0,,False
entity,266,correctness_std,0.4714,0,1,1,,False
entity,269,correctness_std,0.4714,0,1,1,,False
entity,272,correctness_std,0.4714,1,0,1,,False
entity,273,correctness_std,0.4714,1,1,0,,False
entity,275,correctness_std,0.4714,1,0,1,,False
entity,278,correctness_std,0.4714,1,1,0,,False
entity,279,correctness_std,0.4714,1,1,0,,False
entity,282,correctness_std,0.4714,1,0,1,,False
entity,283,correctness_std,0.4714,0,1,0,,False
entity,287,correctness_std,0.4714,1,1,0,,False
entity,288,correctness_std,0.4714,1,1,0,,False
entity,290,correctness_std,0.4714,0,1,1,,False
entity,296,correctness_std,0.4714,1,0,1,,False
entity,299,correctness_std,0.4714,1,0,1,,False
entity,306,correctness_std,0.4714,1,1,0,,False
entity,311,correctness_std,0.4714,0,1,1,,False
entity,312,correctness_std,0.4714,1,1,0,,False
entity,313,correctness_std,0.4714,1,1,0,,False
entity,320,correctness_std,0.4714,0,1,0,,False
entity,323,correctness_std,0.4714,1,1,0,,False
entity,327,correctness_std,0.4714,0,1,1,,False
entity,329,correctness_std,0.4714,1,1,0,,False
entity,332,correctness_std,0.4714,0,1,0,,False
entity,336,correctness_std,0.4714,1,0,1,,False
entity,337,correctness_std,0.4714,1,0,1,,False
entity,339,correctness_std,0.4714,1,0,0,,False
entity,348,correctness_std,0.4714,0,1,0,,False
entity,352,correctness_std,0.4714,1,0,1,,False
entity,355,correctness_std,0.4714,0,1,1,,False
entity,361,correctness_std,0.4714,0,1,0,,False
entity,363,correctness_std,0.4714,1,0,0,,False
entity,366,correctness_std,0.4714,0,1,0,,False
entity,367,correctness_std,0.4714,1,0,1,,False
entity,370,correctness_std,0.4714,1,1,0,,False
entity,382,correctness_std,0.4714,1,0,1,,False
entity,386,correctness_std,0.4714,1,0,0,,False
entity,390,correctness_std,0.4714,1,0,1,,False
entity,391,correctness_std,0.4714,1,0,1,,False
entity,397,correctness_std,0.4714,1,0,0,,False
entity,400,correctness_std,0.4714,0,1,1,,False
entity,401,correctness_std,0.4714,1,1,0,,False
entity,405,correctness_std,0.4714,0,0,1,,False
entity,406,correctness_std,0.4714,0,1,1,,False
entity,407,correctness_std,0.4714,1,1,0,,False
entity,408,correctness_std,0.4714,0,0,1,,False
entity,409,correctness_std,0.4714,0,0,1,,False
entity,413,correctness_std,0.4714,1,0,0,,False
entity,425,correctness_std,0.4714,1,0,0,,False
entity,430,correctness_std,0.4714,1,1,0,,False
entity,434,correctness_std,0.4714,0,0,1,,False
entity,436,correctness_std,0.4714,0,1,1,,False
entity,439,correctness_std,0.4714,0,1,0,,False
entity,444,correctness_std,0.4714,0,0,1,,False
entity,446,correctness_std,0.4714,0,1,0,,False
entity,448,correctness_std,0.4714,1,1,0,,False
entity,450,correctness_std,0.4714,0,0,1,,False
entity,451,correctness_std,0.4714,0,1,1,,False
entity,452,correctness_std,0.4714,0,1,0,,False
entity,461,correctness_std,0.4714,1,0,0,,False
entity,465,correctness_std,0.4714,1,0,0,,False
entity,466,correctness_std,0.4714,1,1,0,,False
entity,471,correctness_std,0.4714,1,0,0,,False
entity,473,correctness_std,0.4714,0,0,1,,False
entity,476,correctness_std,0.4714,1,0,1,,False
entity,479,correctness_std,0.4714,1,1,0,,False
entity,481,correctness_std,0.4714,1,1,0,,False
entity,482,correctness_std,0.4714,1,0,0,,False
entity,483,correctness_std,0.4714,1,0,0,,False
entity,487,correctness_std,0.4714,1,1,0,,False
entity,488,correctness_std,0.4714,1,1,0,,False
entity,490,correctness_std,0.4714,1,0,0,,False
entity,494,correctness_std,0.4714,0,0,1,,False
entity,497,correctness_std,0.4714,1,0,1,,False
entity,507,correctness_std,0.4714,0,1,0,,False
entity,508,correctness_std,0.4714,1,0,0,,False
entity,511,correctness_std,0.4714,1,0,0,,False
entity,515,correctness_std,0.4714,1,0,0,,False
entity,516,correctness_std,0.4714,1,0,1,,False
entity,517,correctness_std,0.4714,1,0,1,,False
entity,523,correctness_std,0.4714,1,0,1,,False
entity,528,correctness_std,0.4714,1,0,0,,False
entity,529,correctness_std,0.4714,1,1,0,,False
entity,533,correctness_std,0.4714,1,1,0,,False
entity,534,correctness_std,0.4714,0,0,1,,False
entity,537,correctness_std,0.4714,1,0,1,,False
entity,540,correctness_std,0.4714,1,1,0,,False
entity,546,correctness_std,0.4714,0,1,1,,False
entity,547,correctness_std,0.4714,0,1,0,,False
entity,549,correctness_std,0.4714,1,0,1,,False
entity,550,correctness_std,0.4714,1,0,0,,False
entity,553,correctness_std,0.4714,1,0,1,,False
entity,558,correctness_std,0.4714,0,1,1,,False
entity,559,correctness_std,0.4714,1,0,0,,False
entity,561,correctness_std,0.4714,1,0,0,,False
entity,564,correctness_std,0.4714,0,1,0,,False
entity,570,correctness_std,0.4714,1,0,0,,False
entity,574,correctness_std,0.4714,1,1,0,,False
entity,576,correctness_std,0.4714,1,0,1,,False
entity,578,correctness_std,0.4714,0,0,1,,False
entity,580,correctness_std,0.4714,1,0,0,,False
entity,581,correctness_std,0.4714,0,1,1,,False
entity,585,correctness_std,0.4714,0,1,1,,False
entity,586,correctness_std,0.4714,1,0,1,,False
entity,588,correctness_std,0.4714,1,0,1,,False
entity,593,correctness_std,0.4714,0,0,1,,False
entity,598,correctness_std,0.4714,0,1,1,,False
entity,599,correctness_std,0.4714,0,1,0,,False
entity,600,correctness_std,0.4714,0,0,1,,False
entity,618,correctness_std,0.4714,0,0,1,,False
entity,619,correctness_std,0.4714,1,1,0,,False
entity,622,correctness_std,0.4714,0,1,1,,False
entity,626,correctness_std,0.4714,0,1,0,,False
entity,628,correctness_std,0.4714,1,1,0,,False
entity,629,correctness_std,0.4714,1,1,0,,False
entity,634,correctness_std,0.4714,1,1,0,,False
entity,637,correctness_std,0.4714,0,1,1,,False
entity,638,correctness_std,0.4714,1,0,1,,False
entity,639,correctness_std,0.4714,1,0,0,,False
entity,644,correctness_std,0.4714,1,0,0,,False
entity,656,correctness_std,0.4714,0,0,1,,False
entity,657,correctness_std,0.4714,0,1,0,,False
entity,661,correctness_std,0.4714,0,1,1,,False
entity,675,correctness_std,0.4714,0,1,1,,False
entity,676,correctness_std,0.4714,0,1,1,,False
entity,680,correctness_std,0.4714,1,0,0,,False
entity,688,correctness_std,0.4714,0,1,1,,False
entity,693,correctness_std,0.4714,0,1,1,,False
entity,694,correctness_std,0.4714,1,0,0,,False
entity,702,correctness_std,0.4714,0,1,0,,False
entity,705,correctness_std,0.4714,1,1,0,,False
entity,707,correctness_std,0.4714,1,0,0,,False
entity,710,correctness_std,0.4714,0,1,1,,False
entity,712,correctness_std,0.4714,1,0,1,,False
entity,720,correctness_std,0.4714,0,0,1,,False
entity,722,correctness_std,0.4714,1,1,0,,False
entity,724,correctness_std,0.4714,1,1,0,,False
entity,725,correctness_std,0.4714,1,1,0,,False
entity,726,correctness_std,0.4714,1,1,0,,False
entity,727,correctness_std,0.4714,0,0,1,,False
entity,729,correctness_std,0.4714,0,1,1,,False
entity,732,correctness_std,0.4714,1,1,0,,False
entity,737,correctness_std,0.4714,1,0,1,,False
entity,740,correctness_std,0.4714,0,1,1,,False
entity,741,correctness_std,0.4714,1,0,1,,False
entity,747,correctness_std,0.4714,0,1,1,,False
entity,750,correctness_std,0.4714,0,1,1,,False
entity,752,correctness_std,0.4714,1,0,0,,False
entity,755,correctness_std,0.4714,1,0,1,,False
entity,756,correctness_std,0.4714,1,1,0,,False
entity,757,correctness_std,0.4714,0,1,1,,False
entity,760,correctness_std,0.4714,1,0,1,,False
entity,763,correctness_std,0.4714,0,1,1,,False
entity,767,correctness_std,0.4714,0,1,1,,False
entity,769,correctness_std,0.4714,1,1,0,,False
entity,772,correctness_std,0.4714,0,0,1,,False
entity,774,correctness_std,0.4714,1,1,0,,False
entity,778,correctness_std,0.4714,0,1,0,,False
entity,781,correctness_std,0.4714,0,1,1,,False
entity,782,correctness_std,0.4714,0,0,1,,False
entity,787,correctness_std,0.4714,1,0,1,,False
entity,791,correctness_std,0.4714,1,0,1,,False
entity,800,correctness_std,0.4714,1,0,1,,False
entity,803,correctness_std,0.4714,1,0,1,,False
entity,806,correctness_std,0.4714,1,0,1,,False
entity,818,correctness_std,0.4714,1,0,1,,False
entity,819,correctness_std,0.4714,0,1,1,,False
entity,820,correctness_std,0.4714,1,0,0,,False
entity,824,correctness_std,0.4714,1,0,0,,False
entity,829,correctness_std,0.4714,1,0,1,,False
entity,837,correctness_std,0.4714,1,1,0,,False
entity,838,correctness_std,0.4714,0,1,1,,False
entity,839,correctness_std,0.4714,0,0,1,,False
entity,843,correctness_std,0.4714,0,0,1,,False
entity,844,correctness_std,0.4714,1,1,0,,False
entity,847,correctness_std,0.4714,0,0,1,,False
entity,848,correctness_std,0.4714,1,1,0,,False
entity,856,correctness_std,0.4714,1,1,0,,False
entity,860,correctness_std,0.4714,1,1,0,,False
entity,868,correctness_std,0.4714,0,0,1,,False
entity,871,correctness_std,0.4714,1,0,1,,False
entity,873,correctness_std,0.4714,0,1,1,,False
entity,890,correctness_std,0.4714,0,0,1,,False
entity,893,correctness_std,0.4714,0,1,1,,False
entity,894,correctness_std,0.4714,1,0,0,,False
entity,895,correctness_std,0.4714,0,0,1,,False
entity,899,correctness_std,0.4714,1,0,0,,False
entity,902,correctness_std,0.4714,1,0,1,,False
entity,906,correctness_std,0.4714,0,0,1,,False
entity,907,correctness_std,0.4714,1,0,1,,False
entity,908,correctness_std,0.4714,0,1,0,,False
entity,917,correctness_std,0.4714,1,0,0,,False
entity,918,correctness_std,0.4714,0,1,0,,False
entity,921,correctness_std,0.4714,1,1,0,,False
entity,927,correctness_std,0.4714,0,1,0,,False
entity,928,correctness_std,0.4714,0,1,0,,False
entity,933,correctness_std,0.4714,0,1,0,,False
entity,937,correctness_std,0.4714,1,1,0,,False
entity,938,correctness_std,0.4714,1,1,0,,False
entity,940,correctness_std,0.4714,1,0,1,,False
entity,942,correctness_std,0.4714,1,1,0,,False
entity,946,correctness_std,0.4714,0,0,1,,False
entity,956,correctness_std,0.4714,1,0,1,,False
entity,957,correctness_std,0.4714,0,0,1,,False
entity,959,correctness_std,0.4714,1,1,0,,False
entity,960,correctness_std,0.4714,1,0,0,,False
entity,979,correctness_std,0.4714,1,0,1,,False
entity,984,correctness_std,0.4714,0,1,0,,False
entity,988,correctness_std,0.4714,0,1,0,,False
entity,990,correctness_std,0.4714,1,1,0,,False
entity,992,correctness_std,0.4714,1,0,0,,False
entity,994,correctness_std,0.4714,1,0,1,,False
entity,995,correctness_std,0.4714,1,1,0,,False
entity,996,correctness_std,0.4714,1,0,0,,False
entity,999,correctness_std,0.4714,1,0,1,,False
entity,1001,correctness_std,0.4714,0,1,1,,False
entity,1008,correctness_std,0.4714,0,1,0,,False
entity,1013,correctness_std,0.4714,1,0,1,,False
entity,1014,correctness_std,0.4714,0,1,1,,False
entity,1015,correctness_std,0.4714,1,1,0,,False
entity,1018,correctness_std,0.4714,1,0,1,,False
entity,1020,correctness_std,0.4714,1,0,0,,False
entity,1023,correctness_std,0.4714,0,1,1,,False
entity,1027,correctness_std,0.4714,1,0,0,,False
entity,1028,correctness_std,0.4714,1,0,1,,False
entity,1029,correctness_std,0.4714,0,0,1,,False
entity,1038,correctness_std,0.4714,0,0,1,,False
entity,1043,correctness_std,0.4714,0,1,1,,False
entity,1049,correctness_std,0.4714,1,1,0,,False
entity,1053,correctness_std,0.4714,0,0,1,,False
entity,1055,correctness_std,0.4714,0,1,1,,False
entity,1059,correctness_std,0.4714,1,0,1,,False
entity,1062,correctness_std,0.4714,1,0,1,,False
entity,1068,correctness_std,0.4714,1,0,0,,False
entity,1069,correctness_std,0.4714,0,1,1,,False
entity,1070,correctness_std,0.4714,0,1,0,,False
entity,1071,correctness_std,0.4714,1,1,0,,False
entity,1072,correctness_std,0.4714,0,1,1,,False
entity,1078,correctness_std,0.4714,0,1,1,,False
entity,1085,correctness_std,0.4714,1,0,1,,False
entity,1087,correctness_std,0.4714,1,0,0,,False
entity,1090,correctness_std,0.4714,0,1,1,,False
entity,1091,correctness_std,0.4714,1,0,0,,False
entity,1093,correctness_std,0.4714,1,0,1,,False
entity,1094,correctness_std,0.4714,1,0,0,,False
entity,1098,correctness_std,0.4714,0,1,1,,False
entity,1100,correctness_std,0.4714,0,1,0,,False
entity,1101,correctness_std,0.4714,1,0,1,,False
entity,1102,correctness_std,0.4714,0,1,0,,False
entity,1109,correctness_std,0.4714,1,1,0,,False
entity,1110,correctness_std,0.4714,0,1,0,,False
entity,1111,correctness_std,0.4714,0,1,1,,False
entity,1119,correctness_std,0.4714,0,0,1,,False
entity,1121,correctness_std,0.4714,1,0,0,,False
entity,1122,correctness_std,0.4714,1,1,0,,False
entity,1124,correctness_std,0.4714,1,0,1,,False
entity,1129,correctness_std,0.4714,1,0,1,,False
entity,1131,correctness_std,0.4714,1,0,0,,False
entity,1134,correctness_std,0.4714,0,1,0,,False
entity,1135,correctness_std,0.4714,0,1,1,,False
entity,1136,correctness_std,0.4714,1,1,0,,False
entity,1137,correctness_std,0.4714,1,0,0,,False
entity,1142,correctness_std,0.4714,1,1,0,,False
entity,1144,correctness_std,0.4714,1,1,0,,False
entity,1145,correctness_std,0.4714,0,1,1,,False
entity,1149,correctness_std,0.4714,0,1,1,,False
entity,1150,correctness_std,0.4714,0,1,0,,False
entity,1151,correctness_std,0.4714,0,1,1,,False
entity,1153,correctness_std,0.4714,1,1,0,,False
entity,1156,correctness_std,0.4714,1,1,0,,False
entity,1158,correctness_std,0.4714,0,0,1,,False
entity,1160,correctness_std,0.4714,1,1,0,,False
entity,1162,correctness_std,0.4714,1,0,0,,False
entity,1167,correctness_std,0.4714,1,0,0,,False
entity,1171,correctness_std,0.4714,0,1,1,,False
entity,1172,correctness_std,0.4714,0,0,1,,False
entity,1183,correctness_std,0.4714,0,1,1,,False
entity,1185,correctness_std,0.4714,0,1,0,,False
entity,1187,correctness_std,0.4714,1,0,1,,False
etiological,10,correctness_std,0.4714,1,1,0,,False
etiological,16,correctness_std,0.4714,0,1,1,,False
etiological,19,correctness_std,0.4714,1,0,1,,False
etiological,20,correctness_std,0.4714,1,0,1,,False
etiological,27,correctness_std,0.4714,1,0,1,,False
etiological,44,correctness_std,0.4714,1,0,0,,False
etiological,47,correctness_std,0.4714,0,1,1,,False
etiological,57,correctness_std,0.4714,0,1,0,,False
etiological,59,correctness_std,0.4714,1,1,0,,False
etiological,65,correctness_std,0.4714,1,1,0,,False
etiological,72,correctness_std,0.4714,0,1,1,,False
etiological,76,correctness_std,0.4714,1,1,0,,False
etiological,90,correctness_std,0.4714,1,0,1,,False
etiological,98,correctness_std,0.4714,0,1,0,,False
etiological,100,correctness_std,0.4714,1,1,0,,False
etiological,106,correctness_std,0.4714,1,0,0,,False
etiological,110,correctness_std,0.4714,1,1,0,,False
etiological,123,correctness_std,0.4714,1,0,1,,False
etiological,127,correctness_std,0.4714,1,0,1,,False
etiological,128,correctness_std,0.4714,1,0,0,,False
etiological,143,correctness_std,0.4714,1,0,1,,False
etiological,148,correctness_std,0.4714,1,0,1,,False
etiological,158,correctness_std,0.4714,1,1,0,,False
etiological,163,correctness_std,0.4714,0,0,1,,False
etiological,175,correctness_std,0.4714,0,1,1,,False
etiological,176,correctness_std,0.4714,1,1,0,,False
etiological,183,correctness_std,0.4714,1,0,1,,False
forecasting,0,mae_range,12.23,50.52,38.28,48.73,False,True
forecasting,1,mae_range,50.18,147.23,97.54,97.04,False,False
forecasting,2,mae_range,189.93,220.12,30.18,185.04,False,True
forecasting,3,mae_range,1.79,18.76,16.96,18.11,True,True
forecasting,4,mae_range,39.82,5.38,44.58,4.76,True,True
forecasting,13,mae_range,3.79,31.35,35.14,33.35,False,True
forecasting,14,mae_range,2.24,4.44,6.48,4.24,False,False
forecasting,15,mae_range,2.38,237.68,235.57,237.94,False,True
forecasting,16,mae_range,1.93,94.59,92.99,94.92,False,False
forecasting,17,mae_range,0.59,1.76,1.17,1.57,False,False
forecasting,18,mae_range,117.71,267.12,384.83,364.32,False,False
forecasting,19,mae_range,249.21,913.33,664.12,668.33,True,True
forecasting,20,mae_range,4.47,12.82,17.29,13.92,False,False
forecasting,22,mae_range,0.75,42.98,42.74,42.23,True,True
forecasting,25,mae_range,93.21,120.17,84.9,178.1,True,True
forecasting,26,mae_range,64.11,117.77,181.53,181.88,False,True
forecasting,27,mae_range,0.52,0.0,0.52,0.0,False,False
forecasting,28,mae_range,68.21,82.84,149.82,151.05,False,False
forecasting,29,mae_range,11.27,138.87,150.13,143.72,False,False
forecasting,30,mae_range,2.18,68.16,65.98,67.14,False,True
forecasting,31,mae_range,6.15,286.42,284.04,290.19,False,False
forecasting,32,mae_range,2.31,11.51,11.01,13.32,False,False
forecasting,35,mae_range,0.65,26.61,26.17,25.96,False,False
forecasting,36,mae_range,8.38,62.68,54.29,56.01,False,True
forecasting,39,mae_range,0.64,17.67,17.03,17.41,True,True
forecasting,40,mae_range,2.26,7.9,10.16,7.91,True,True
forecasting,44,mae_range,210.25,321.51,111.26,120.67,False,True
forecasting,45,mae_range,9.67,28.1,21.51,18.44,True,True
forecasting,47,mae_range,1.36,27.65,27.6,28.97,False,False
forecasting,48,mae_range,4.63,83.38,79.41,84.04,False,False
forecasting,49,mae_range,39.59,127.59,148.71,167.18,False,False
forecasting,50,mae_range,1.43,135.09,133.71,133.66,True,True
forecasting,53,mae_range,1.04,3.02,3.3,2.26,False,False
forecasting,54,mae_range,54.76,44.72,19.24,74.01,True,True
forecasting,55,mae_range,13.42,22.94,16.04,29.46,False,False
forecasting,56,mae_range,0.53,37.29,37.43,36.89,False,False
forecasting,57,mae_range,9.63,27.8,18.16,24.23,False,True
forecasting,58,mae_range,1.01,50.69,51.71,51.38,False,False
forecasting,59,mae_range,17.57,56.49,38.92,46.83,False,False
forecasting,60,mae_range,8.27,153.11,146.11,144.84,True,True
forecasting,61,mae_range,11.01,9.65,18.32,7.31,False,False
forecasting,63,mae_range,3.65,8.88,12.53,10.6,False,False
forecasting,64,mae_range,21.57,33.17,11.6,20.3,True,True
forecasting,65,mae_range,1.17,22.25,21.08,21.38,True,True
forecasting,66,mae_range,0.8,31.68,31.02,31.82,False,False
forecasting,68,mae_range,1.37,18.67,19.01,17.64,False,False
forecasting,69,mae_range,42.49,65.12,107.61,72.28,False,False
forecasting,70,mae_range,33.4,161.25,160.93,127.85,False,False
forecasting,74,mae_range,2.75,21.13,23.13,20.38,False,False
forecasting,75,mae_range,0.79,136.94,137.17,136.38,False,False
forecasting,76,mae_range,171.45,173.45,163.39,2.0,True,True
forecasting,77,mae_range,1.05,151.78,152.76,152.83,False,False
forecasting,78,mae_range,1.45,73.81,73.11,72.36,True,True
forecasting,79,mae_range,7.44,36.95,42.96,44.38,True,True
forecasting,80,mae_range,7.8,71.76,75.96,68.16,False,True
forecasting,81,mae_range,0.8,7.95,7.15,7.34,False,False
forecasting,85,mae_range,1.55,22.2,20.65,20.75,False,False
forecasting,86,mae_range,12.61,61.02,49.75,48.41,False,True
forecasting,88,mae_range,11.77,129.78,129.51,118.01,False,False
forecasting,89,mae_range,1.16,68.77,68.46,69.61,True,True
forecasting,91,mae_range,2.23,20.91,19.34,21.57,False,False
forecasting,92,mae_range,8.54,145.16,136.62,141.35,False,False
forecasting,93,mae_range,11.48,81.04,69.56,79.92,False,False
forecasting,94,mae_range,17.25,72.25,71.77,89.02,False,True
forecasting,95,mae_range,12.21,78.82,81.06,91.03,False,False
forecasting,96,mae_range,7.16,73.31,78.71,80.47,True,True
forecasting,97,mae_range,4.67,4.01,1.94,6.61,False,False
forecasting,98,mae_range,1.03,66.49,65.45,65.75,False,True
forecasting,99,mae_range,1.96,68.03,68.39,69.99,False,False
forecasting,100,mae_range,7.23,22.6,18.4,15.37,True,True
forecasting,101,mae_range,4.17,13.21,12.92,9.03,True,True
forecasting,104,mae_range,0.77,7.78,7.07,7.01,False,True
forecasting,106,mae_range,9.95,27.38,26.41,17.43,False,True
forecasting,107,mae_range,2.93,143.67,146.16,143.23,False,False
forecasting,108,mae_range,1.0,32.72,33.72,33.63,True,True
forecasting,109,mae_range,29.17,2.93,4.1,32.1,True,True
forecasting,110,mae_range,7.81,80.03,82.16,74.34,True,True
forecasting,111,mae_range,0.74,28.06,27.31,27.87,False,False
forecasting,112,mae_range,11.87,21.65,9.79,12.99,False,True
forecasting,115,mae_range,19.43,125.42,115.44,134.87,False,False
forecasting,116,mae_range,14.25,307.59,321.84,318.66,True,True
forecasting,120,mae_range,29.32,218.82,189.5,217.4,False,False
forecasting,121,mae_range,7.38,84.63,92.01,84.92,False,False
forecasting,122,mae_range,4.17,90.8,94.44,94.97,False,False
forecasting,123,mae_range,7.45,169.01,163.2,170.65,False,False
forecasting,124,mae_range,0.93,198.49,198.51,199.42,False,True
forecasting,126,mae_range,3.23,2.54,3.72,5.77,True,True
forecasting,127,mae_range,0.7,17.8,17.11,17.1,True,True
forecasting,129,mae_range,16.85,153.85,170.7,165.21,False,False
forecasting,130,mae_range,31.22,176.21,144.99,159.01,False,False
forecasting,133,mae_range,4.37,1.56,5.81,1.45,False,False
forecasting,134,mae_range,0.68,37.02,36.88,37.56,True,True
forecasting,135,mae_range,1.93,5.81,3.88,4.5,True,True
forecasting,139,mae_range,0.66,16.88,16.21,16.21,True,True
forecasting,140,mae_range,1.3,32.65,31.35,32.08,False,True
forecasting,141,mae_range,2.37,26.82,29.19,28.52,False,False
forecasting,142,mae_range,2.42,17.05,15.03,17.45,True,True
forecasting,143,mae_range,1.57,10.93,10.81,9.36,True,True
forecasting,144,mae_range,4.24,34.35,30.11,30.31,False,False
forecasting,145,mae_range,2.86,124.73,127.05,124.19,False,False
forecasting,146,mae_range,14.33,608.51,622.84,619.44,False,False
forecasting,147,mae_range,548.02,1223.0,714.0,674.98,False,False
forecasting,148,mae_range,6.51,202.38,208.89,204.48,True,True
forecasting,149,mae_range,4.81,94.81,94.6,99.42,False,False
forecasting,150,mae_range,1.03,102.27,102.3,101.26,False,False
forecasting,151,mae_range,7.36,154.5,152.89,147.13,False,False
forecasting,153,mae_range,1.23,1.01,1.97,2.23,True,True
forecasting,155,mae_range,1.83,19.64,19.42,21.25,False,True
forecasting,156,mae_range,4.27,17.97,13.71,15.47,False,False
forecasting,157,mae_range,0.59,1.2,1.79,1.37,True,True
forecasting,158,mae_range,11.63,46.08,57.71,48.82,False,False
forecasting,160,mae_range,81.87,83.86,127.94,46.07,False,False
forecasting,162,mae_range,1.4,82.16,80.81,80.77,False,False
forecasting,163,mae_range,0.68,138.31,138.21,137.63,False,False
forecasting,164,mae_range,8.98,10.37,13.58,19.35,True,True
forecasting,168,mae_range,6.74,17.21,16.63,23.37,True,True
forecasting,169,mae_range,5.74,33.14,36.14,38.88,True,True
forecasting,170,mae_range,5.92,71.84,68.73,65.92,True,True
forecasting,171,mae_range,3.76,3.45,4.6,7.21,False,False
forecasting,172,mae_range,1.97,0.94,2.72,0.75,True,True
forecasting,173,mae_range,110.57,176.49,144.75,255.32,True,True
forecasting,174,mae_range,78.68,304.7,235.83,226.02,False,True
forecasting,175,mae_range,0.83,83.85,83.02,83.56,True,True
forecasting,176,mae_range,24.11,62.31,69.63,45.53,False,False
forecasting,177,mae_range,4.99,34.27,38.34,33.35,False,False
forecasting,178,mae_range,9.09,45.7,54.79,49.61,False,False
forecasting,179,mae_range,59.43,162.16,162.52,221.59,True,True
forecasting,180,mae_range,1.27,565.0,564.77,566.03,False,False
forecasting,181,mae_range,0.66,13.85,13.62,13.19,False,False
forecasting,182,mae_range,4.87,13.73,9.63,8.86,False,False
forecasting,184,mae_range,1.0,89.43,89.92,88.92,False,False
forecasting,185,mae_range,17.62,145.97,163.59,150.23,False,False
forecasting,187,mae_range,6.02,181.49,181.6,187.51,False,False
forecasting,188,mae_range,9.07,10.91,1.84,1.89,False,True
forecasting,189,mae_range,4.37,6.36,9.83,5.46,False,True
forecasting,190,mae_range,7.51,3.44,10.16,2.64,False,False
forecasting,193,mae_range,11.15,51.84,62.98,59.91,True,True
forecasting,194,mae_range,2.38,52.11,52.66,50.29,True,True
forecasting,195,mae_range,16.33,94.07,96.6,80.26,False,True
forecasting,196,mae_range,0.51,72.37,72.47,72.88,False,False
forecasting,199,mae_range,4.11,12.53,13.62,16.64,False,False
forecasting,203,mae_range,0.54,0.27,0.7,0.81,False,False
forecasting,205,mae_range,3.59,47.82,51.41,49.23,False,False
forecasting,207,mae_range,0.78,39.11,39.66,39.89,False,True
forecasting,208,mae_range,9.02,47.66,42.52,51.54,False,False
forecasting,209,mae_range,3.36,14.37,14.93,17.73,True,True
forecasting,211,mae_range,4.76,7.75,2.99,4.85,False,True
forecasting,214,mae_range,43.33,318.42,330.28,286.95,True,True
forecasting,215,mae_range,5.23,83.83,80.83,78.61,False,False
forecasting,216,mae_range,0.53,1.13,0.68,0.6,False,False
forecasting,217,mae_range,0.97,2.82,3.38,3.79,True,True
forecasting,218,mae_range,5.84,12.08,13.43,7.59,True,True
forecasting,219,mae_range,1.63,30.14,28.5,28.59,True,True
forecasting,220,mae_range,1.39,31.16,32.56,31.76,True,True
forecasting,221,mae_range,0.6,35.98,36.58,36.25,False,False
forecasting,223,mae_range,0.71,6.74,7.44,6.98,True,True
forecasting,225,mae_range,1.26,1.62,1.56,2.82,True,True
forecasting,228,mae_range,3.67,3.71,6.77,3.11,False,False
forecasting,229,mae_range,0.93,7.34,7.57,6.64,True,True
forecasting,230,mae_range,2.79,7.21,9.24,10.0,True,True
forecasting,231,mae_range,1.16,68.85,69.37,68.21,False,False
forecasting,233,mae_range,9.97,18.16,26.44,28.13,True,True
forecasting,234,mae_range,1.1,3.1,2.24,2.0,True,True
forecasting,235,mae_range,1.31,5.86,4.55,4.68,True,True
forecasting,236,mae_range,0.77,27.83,27.06,27.52,True,True
forecasting,237,mae_range,4.03,21.1,18.42,22.45,False,False
forecasting,241,mae_range,1.57,18.95,19.41,17.84,True,True
forecasting,244,mae_range,1.52,6.76,5.24,6.65,True,True
forecasting,245,mae_range,19.1,36.58,34.89,53.98,True,True
forecasting,246,mae_range,14.52,33.03,28.08,18.52,True,True
forecasting,247,mae_range,3.12,39.29,41.45,38.33,False,False
forecasting,248,mae_range,2.08,23.87,23.62,21.8,True,True
forecasting,249,mae_range,2.0,23.4,21.47,21.4,True,True
forecasting,250,mae_range,9.27,58.06,48.83,58.09,False,False
forecasting,251,mae_range,6.42,13.94,20.36,14.93,False,False
forecasting,252,mae_range,2.15,0.34,2.49,1.47,True,True
forecasting,253,mae_range,2.27,85.49,83.22,84.19,False,True
forecasting,254,mae_range,36.05,33.43,69.48,43.46,False,False
forecasting,255,mae_range,3.09,26.07,22.99,25.39,False,True
forecasting,256,mae_range,5.33,13.53,15.31,18.86,False,False
forecasting,257,mae_range,1.24,0.75,0.29,1.54,False,True
forecasting,258,mae_range,0.66,0.77,0.7,1.36,True,True
forecasting,259,mae_range,3.86,47.1,45.01,48.86,True,True
forecasting,260,mae_range,14.24,46.0,34.03,31.76,False,False
forecasting,261,mae_range,35.5,116.63,119.96,84.46,False,False
forecasting,264,mae_range,10.81,1053.46,1064.27,1059.73,False,False
forecasting,265,mae_range,8.59,6.08,6.71,14.66,False,False
forecasting,266,mae_range,8.55,47.45,55.99,47.95,True,True
forecasting,267,mae_range,29.61,45.54,31.56,61.17,False,False
forecasting,269,mae_range,4.94,16.3,11.36,14.6,True,True
forecasting,270,mae_range,0.58,12.66,12.83,13.24,True,True
forecasting,271,mae_range,0.55,126.97,126.81,126.42,False,False
forecasting,272,mae_range,3.18,120.41,118.31,121.49,False,False
forecasting,276,mae_range,1.98,72.81,73.61,74.79,True,True
forecasting,277,mae_range,5.21,63.13,65.85,68.35,False,False
forecasting,278,mae_range,0.84,62.69,63.43,63.53,False,False
forecasting,279,mae_range,1.8,62.49,64.28,64.3,False,False
